{
  "container": "mp4",
  "durationSec": 5.472133333333334,
  "sizeBytes": 1784380,
  "tracks": [
    {
      "id": 1,
      "type": "video",
      "codec": "hev1.1.6.L150.90",
      "durationSec": 5.472133333333334,
      "fps": 29.97002997002997,
      "rotation": 0,
      "width": 3840,
      "height": 2160
    },
    {
      "id": 2,
      "type": "audio",
      "codec": "mp4a.40.2",
      "durationSec": 2.7631746031746034,
      "sampleRate": 44100,
      "channels": 2
    }
  ]
}
