{
  "container": "wav",
  "durationSec": 0.21333333333333335,
  "sizeBytes": 41074,
  "tracks": [
    {
      "id": 0,
      "type": "audio",
      "codec": "pcm-f32",
      "durationSec": 0.21333333333333335,
      "sampleRate": 48000,
      "channels": 1
    }
  ]
}
